Specimen ID,Sex,Family name,Latin Name,'County',year collected,Population designation,neurocranium length,neurocranium height,neurocranium width,total body length,tail length,hindfoot length,,,,,,,
373,F,'SORICIDAE','BLARINA BREVICAUDA','COOK',1922,non-ag,12.1,6.82,12.73,127,27,14,,,,,,,
389,F,'SORICIDAE','BLARINA BREVICAUDA','COOK',1922,Rural,11.53,6.53,12.65,124,26,21,,,,,,,
393,M,'SORICIDAE','BLARINA BREVICAUDA','COOK',1922,Rural,12.1,6.69,11.95,113,26,16,,,,,,,
397,M,'SORICIDAE','BLARINA BREVICAUDA','COOK',1922,non-ag,11.66,6.38,11.79,125,27,16,,,,,,,
652,F,'SORICIDAE','BLARINA BREVICAUDA','COOK',1923,non-ag,11.13,6.6,12.16,110,21,14,,,,,,,
715,F,'SORICIDAE','BLARINA BREVICAUDA','WATONWAN',1912,Rural,12.04,6.24,12.36,130,28,16,,,,,,,
716,M,'SORICIDAE','BLARINA BREVICAUDA','WINONA',1914,Rural,12.38,6.77,12.66,137,30,17,,,,,,,
1060,M,'SORICIDAE','BLARINA BREVICAUDA','RAMSEY',1925,City,12.82,7.03,13.51,133.4,25.4,15.9,,,,,,,
1183,UNKNOWN,'SORICIDAE','BLARINA BREVICAUDA','SWIFT',1936,ag,12.52,6.93,13.52,134.6,30.5,17.8,,,,,,,
1385,UNKNOWN,'SORICIDAE','BLARINA BREVICAUDA','HENNEPIN',1939,City,12.24,6.99,13.78,127,25.4,19,,,,,,,
2356,F,'SORICIDAE','BLARINA BREVICAUDA','PIPESTONE',1947,Rural,12.34,7.08,13.48,131,26,15,,,,,,,
2357,F,'SORICIDAE','BLARINA BREVICAUDA','PIPESTONE',1947,ag,12.19,6.78,12.21,119,33,16,,,,,,,
2507,M,'SORICIDAE','BLARINA BREVICAUDA','FILLMORE',1948,Rural,11.73,6.66,12.65,117,20,15,,,,,,,
2652,M,'SORICIDAE','BLARINA BREVICAUDA','WASHINGTON',1949,City,12.5,7.06,13.54,119,31,16,,,,,,,
2662,M,'SORICIDAE','BLARINA BREVICAUDA','ROCK',1949,ag,12.46,7.24,13.36,127,30,18,,,,,,,
2699,M,'SORICIDAE','BLARINA BREVICAUDA','WILKIN',1949,ag,11.86,6.81,12.59,120,25,15,,,,,,,
2781,UNKNOWN,'SORICIDAE','BLARINA BREVICAUDA','LAKE OF THE WOODS',1949,non-ag,12.02,7.13,12.78,115,25,15,,,,,,,
2843,M,'SORICIDAE','BLARINA BREVICAUDA','LAKE',1940,Rural,11.8,6.85,12.21,110,21,15,,,,,,,
2845,F,'SORICIDAE','BLARINA BREVICAUDA','ITASCA',1938,Rural,12.13,6.73,12.15,120.6,23.8,14.3,,,,,,,
2847,M,'SORICIDAE','BLARINA BREVICAUDA','MARTIN',1940,ag,11.59,7.05,10.31,125,25,16,,,,,,,
2963,F,'SORICIDAE','BLARINA BREVICAUDA','ST. LOUIS',1950,non-ag,11.62,6.46,12.1,111,25,16,,,,,,,
2969,F,'SORICIDAE','BLARINA BREVICAUDA','ST. LOUIS',1950,non-ag,11.74,6.5,12.39,119,25,16,,,,,,,
3293,F,'SORICIDAE','BLARINA BREVICAUDA','LINCOLN',1952,ag,11.28,6.76,13.03,118,25,16,,,,,,,
3294,M,'SORICIDAE','BLARINA BREVICAUDA','LINCOLN',1952,Rural,13.08,6.77,13.49,131,31,12,,,,,,,
3689,F,'SORICIDAE','BLARINA BREVICAUDA','ST. LOUIS',1954,Rural,11.77,6.54,12.5,117,20,15,,,,,,,
3779,M,'SORICIDAE','BLARINA BREVICAUDA','KANDIYOHI',1955,ag,11.83,6.74,12.92,128,22,15,,,,,,,
4161,F,'SORICIDAE','BLARINA BREVICAUDA','GOODHUE',1957,ag,12.54,7.05,13.05,126,30,17,,,,,,,
4167,UNKNOWN,'SORICIDAE','BLARINA BREVICAUDA','HENNEPIN',1957,City,11.23,6.44,13.14,131,30,16,,,,,,,
4168,UNKNOWN,'SORICIDAE','BLARINA BREVICAUDA','HENNEPIN',1958,City,11.35,6.87,13.32,128,30,16,,,,,,,
5050,F,'SORICIDAE','BLARINA BREVICAUDA','WASHINGTON',1950,City,11.71,6.57,13.28,113,25,15,,,,,,,
5558,F,'SORICIDAE','BLARINA BREVICAUDA','RAMSEY',1958,City,11.58,6.98,12.88,120,23,14,,,,,,,
5589,M,'SORICIDAE','BLARINA BREVICAUDA','HOUSTON',1961,Rural,11.59,7.23,13.28,131,30,16,,,,,,,
5921,F,'SORICIDAE','BLARINA BREVICAUDA','SIBLEY',1958,ag,12.19,7.03,13.99,140,31,17,,,,,,,
7438,F,'SORICIDAE','BLARINA BREVICAUDA','COOK',1965,non-ag,11.36,6.56,12.15,107,20,14,,,,,,,
7943,M,'SORICIDAE','BLARINA BREVICAUDA','CROW WING',1966,non-ag,12.09,6.89,13.02,127,23,16,,,,,,,
7948,F,'SORICIDAE','BLARINA BREVICAUDA','CROW WING',1966,non-ag,11.48,6.81,12.58,122,24,15,,,,,,,
7953,M,'SORICIDAE','BLARINA BREVICAUDA','ST. LOUIS',1966,non-ag,12.11,6.58,12.66,120,27,15,,,,,,,
7955,M,'SORICIDAE','BLARINA BREVICAUDA','NOBLES',1966,ag,12.53,7.02,12.88,113,23,17,,,,,,,
8562,F,'SORICIDAE','BLARINA BREVICAUDA','HENNEPIN',1967,City,11.36,6.71,12.57,127,25,16,,,,,,,
8567,M,'SORICIDAE','BLARINA BREVICAUDA','HENNEPIN',1967,City,11.57,6.73,12.95,127,26,17,,,,,,,
8598,F,'SORICIDAE','BLARINA BREVICAUDA','POLK',1967,ag,11.32,6.68,12.15,119,25,16,,,,,,,
8921,F,'SORICIDAE','BLARINA BREVICAUDA','JACKSON',1964,Rural,11.78,6.98,13.35,132,29,16.5,,,,,,,
8922,M,'SORICIDAE','BLARINA BREVICAUDA','JACKSON',1968,ag,12.48,6.85,13.72,135,33,17,,,,,,,
8945,F,'SORICIDAE','BLARINA BREVICAUDA','RAMSEY',1968,City,11.79,6.97,12.91,127,30,15.5,,,,,,,
8946,M,'SORICIDAE','BLARINA BREVICAUDA','RAMSEY',1968,City,11.31,6.91,12.8,122,29,16,,,,,,,
11221,M,'SORICIDAE','BLARINA BREVICAUDA','COOK',1972,non-ag,12.16,6.78,12.54,128,29,16,,,,,,,
11234,F,'SORICIDAE','BLARINA BREVICAUDA','COOK',1972,non-ag,11.97,6.8,12.5,115,26,16,,,,,,,
11928,F,'SORICIDAE','BLARINA BREVICAUDA','CROW WING',1972,non-ag,11.91,6.74,13.3,110,20,15,,,,,,,
11931,M,'SORICIDAE','BLARINA BREVICAUDA','HUBBARD',1972,non-ag,11.89,6.5,12.6,125,25,15,,,,,,,
12322,M,'SORICIDAE','BLARINA BREVICAUDA','RENVILLE',1973,Rural,11.99,6.44,14.06,121,27,17,,,,,,,
13013,F,'SORICIDAE','BLARINA BREVICAUDA','ANOKA',1975,City,12.13,7.05,12.99,119,23,16,,,,,,,
13143,M,'SORICIDAE','BLARINA BREVICAUDA','RAMSEY',1974,City,12.01,6.71,13.1,119,26,14,,,,,,,
13144,F,'SORICIDAE','BLARINA BREVICAUDA','RENVILLE',1974,Rural,11.22,6.67,12.6,112,20,13,,,,,,,
14408,F,'SORICIDAE','BLARINA BREVICAUDA','NORMAN',1979,ag,12.02,6.66,12.8,120,21,16,,,,,,,
14410,M,'SORICIDAE','BLARINA BREVICAUDA','POLK',1979,ag,11.52,6.79,12.59,115,26,17,,,,,,,
14535,F,'SORICIDAE','BLARINA BREVICAUDA','BIG STONE',1982,Rural,11.95,6.67,12.56,120,24,16,,,,,,,
14538,F,'SORICIDAE','BLARINA BREVICAUDA','FARIBAULT',1982,ag,11.97,6.51,12.69,126,23,16,,,,,,,
14704,M,'SORICIDAE','BLARINA BREVICAUDA','NOBLES',1983,Rural,11.75,6.84,13.01,128,25,18,,,,,,,
15056,M,'SORICIDAE','BLARINA BREVICAUDA','CLAY',1988,ag,11.95,6.74,12.65,128,25,16,,,,,,,
15066,F,'SORICIDAE','BLARINA BREVICAUDA','NORMAN',1988,ag,12.42,6.38,12.72,124,28,11,,,,,,,
15410,F,'SORICIDAE','BLARINA BREVICAUDA','WASHINGTON',1988,City,12.62,7.06,13.33,127,25,16,,,,,,,
15420,M,'SORICIDAE','BLARINA BREVICAUDA','WASHINGTON',1988,City,12,6.74,12.09,113,23,16,,,,,,,
15667,M,'SORICIDAE','BLARINA BREVICAUDA','ANOKA',1982,City,12.06,6.89,12.69,119,25,17,,,,,,,
16517,F,'SORICIDAE','BLARINA BREVICAUDA','LAC QUI PARLE',1991,Rural,12.43,7.39,12.66,134,30,16,,,,,,,
16518,M,'SORICIDAE','BLARINA BREVICAUDA','LAC QUI PARLE',1991,Rural,12.04,7.39,13.35,135,29,17,,,,,,,
16688,M,'SORICIDAE','BLARINA BREVICAUDA','CHISAGO',1987,ag,11.77,6.76,12.92,131,26,18,,,,,,,
17925,F,'SORICIDAE','BLARINA BREVICAUDA','POLK',1998,ag,12.38,7.18,13.03,127,24,15,,,,,,,
17927,M,'SORICIDAE','BLARINA BREVICAUDA','POPE',1998,ag,11.63,7.07,13.32,130,26,15,,,,,,,
18278,M,'SORICIDAE','BLARINA BREVICAUDA','HENNEPIN',1997,City,12.17,7.07,13.78,132,22,17,,,,,,,
18318,F,'SORICIDAE','BLARINA BREVICAUDA','HUBBARD',1999,non-ag,11.28,6.64,12.21,104,19,14,,,,,,,
19012,UNKNOWN,'SORICIDAE','BLARINA BREVICAUDA','CARLTON',2004,Rural,11.88,6.64,12.85,110,26,21,,,,,,,
19013,UNKNOWN,'SORICIDAE','BLARINA BREVICAUDA','CARLTON',2005,Rural,12.11,7.11,13.44,116,26,16,,,,,,,
19088,UNKNOWN,'SORICIDAE','BLARINA BREVICAUDA','CARLTON',2005,non-ag,12.36,7.11,12.89,118,25,17,,,,,,,
19089,UNKNOWN,'SORICIDAE','BLARINA BREVICAUDA','CARLTON',2005,non-ag,12.06,7.3,12.49,109,18,15,,,,,,,
744,F,'MURIDAE','CLETHRIONOMYS GAPPERI','MARSHALL',1929,Rural,11.77,6.92,10.64,138,40,18,,,,,,,
746,M,'MURIDAE','CLETHRIONOMYS GAPPERI','KITTSON',1929,Rural,12.61,7.58,11.27,142,39,19,,,,,,,
1582,M,'MURIDAE','CLETHRIONOMYS GAPPERI','CLEARWATER',1938,Rural,12.66,7.37,11.23,126,35,16,,,,,,,
2449,F,'MURIDAE','CLETHRIONOMYS GAPPERI','ANOKA',1947,City,12.73,8.23,11.17,119,30,18,,,,,,,
2453,F,'MURIDAE','CLETHRIONOMYS GAPPERI','ANOKA',1947,City,11.87,6.99,10.56,96,26,16,,,,,,,
2492,M,'MURIDAE','CLETHRIONOMYS GAPPERI','ANOKA',1948,City,12.23,7.3,10.86,125,34,18,,,,,,,
2604,M,'MURIDAE','CLETHRIONOMYS GAPPERI','ISANTI',1948,Rural,12.03,7.64,10.8,116,30,17,,,,,,,
2754,F,'MURIDAE','CLETHRIONOMYS GAPPERI','CLEARWATER',1949,Rural,12.6,7.64,11.33,149,40,18,,,,,,,
2910,M,'MURIDAE','CLETHRIONOMYS GAPPERI','ANOKA',1950,City,11.65,7.56,10.69,111,30,18,,,,,,,
3208,M,'MURIDAE','CLETHRIONOMYS GAPPERI','MORRISON',1951,Rural,12.84,8.04,11.61,121,35,19,,,,,,,
3335,F,'MURIDAE','CLETHRIONOMYS GAPPERI','HENNEPIN',1952,City,12.01,7.98,11.19,131,37,12,,,,,,,
4005,F,'MURIDAE','CLETHRIONOMYS GAPPERI','CLEARWATER',1957,Rural,11.98,7.22,10.94,134,32,16,,,,,,,
4403,M,'MURIDAE','CLETHRIONOMYS GAPPERI','ANOKA',1933,City,12.78,7.62,11.52,124,33,18,,,,,,,
4435,M,'MURIDAE','CLETHRIONOMYS GAPPERI','ANOKA',1932,City,12.21,7.5,10.04,127,35,16,,,,,,,
5076,F,'MURIDAE','CLETHRIONOMYS GAPPERI','ANOKA',1958,City,11.86,7.28,11.33,116,27,17,,,,,,,
5580,F,'MURIDAE','CLETHRIONOMYS GAPPERI','RAMSEY',1960,City,12.19,7.47,10.96,134,36,17,,,,,,,
8668,F,'MURIDAE','CLETHRIONOMYS GAPPERI','AITKIN',1967,Rural,12.32,7.26,11.04,122,31,17,,,,,,,
9001,M,'MURIDAE','CLETHRIONOMYS GAPPERI','MARSHALL',1968,Rural,12.41,7.24,10.3,111,30,17,,,,,,,
9013,M,'MURIDAE','CLETHRIONOMYS GAPPERI','RAMSEY',1968,City,12.39,7.1,11.02,140,39,17,,,,,,,
9014,F,'MURIDAE','CLETHRIONOMYS GAPPERI','RAMSEY',1968,City,12.3,7.72,11.22,143,37,17,,,,,,,
13214,F,'MURIDAE','CLETHRIONOMYS GAPPERI','ANOKA',1975,City,11.64,6.84,11.05,117,31,18,,,,,,,
13215,M,'MURIDAE','CLETHRIONOMYS GAPPERI','ANOKA',1974,City,12.52,7.64,10.99,132,37,19,,,,,,,
14333,F,'MURIDAE','CLETHRIONOMYS GAPPERI','PINE',1980,Rural,12.3,7.27,11.63,130,36,19,,,,,,,
14457,M,'MURIDAE','CLETHRIONOMYS GAPPERI','ANOKA',1979,City,13.05,7.52,11.14,119,27,17,,,,,,,
14464,F,'MURIDAE','CLETHRIONOMYS GAPPERI','MAHNOMEN',1979,Rural,11.56,7.14,10.48,129,37,16,,,,,,,
14473,M,'MURIDAE','CLETHRIONOMYS GAPPERI','WRIGHT',1979,Rural,12.19,7.56,10.9,120,30,17,,,,,,,
15548,M,'MURIDAE','CLETHRIONOMYS GAPPERI','WASHINGTON',1988,City,12.77,7.19,10.69,133,32,17,,,,,,,
15551,M,'MURIDAE','CLETHRIONOMYS GAPPERI','WASHINGTON',1988,City,12.25,7.82,10.9,116,30,17,,,,,,,
15558,F,'MURIDAE','CLETHRIONOMYS GAPPERI','WASHINGTON',1988,City,13.25,7.97,11.34,125,28,18,,,,,,,
16705,M,'MURIDAE','CLETHRIONOMYS GAPPERI','CHISAGO',1987,Rural,12.56,7.29,11.03,111,26,18,,,,,,,
18037,F,'MURIDAE','CLETHRIONOMYS GAPPERI','POLK',1998,Rural,12.55,7.1,10.93,129,31,17,,,,,,,
18356,M,'MURIDAE','CLETHRIONOMYS GAPPERI','CLEARWATER',1999,Rural,12.21,7.41,11.35,130,42,16,,,,,,,
19062,F,'MURIDAE','CLETHRIONOMYS GAPPERI','CARLTON',2005,Rural,12.47,7.24,11.11,112,32,20,,,,,,,
962,UNKNOWN,'TALPIDAE','CONDYLURA CRISTATA','CHISAGO',1932,Rural,16.47,7.86,12.99,172.7,68.6,27.9,,,,,,,
2840,M,'TALPIDAE','CONDYLURA CRISTATA','ST. LOUIS',1944,Rural,16.28,8.35,13.48,172,68,28,,,,,,,
2842,M,'TALPIDAE','CONDYLURA CRISTATA','BECKER',1942,Rural,15.72,8.53,12.51,201,88,25,,,,,,,
5587,M,'TALPIDAE','CONDYLURA CRISTATA','BELTRAMI',1960,Rural,15.71,8.25,13.15,195,74,27,,,,,,,
5927,M,'TALPIDAE','CONDYLURA CRISTATA','CARLTON',1958,Rural,15.23,8,13.43,211,79,27,,,,,,,
7926,F,'TALPIDAE','CONDYLURA CRISTATA','ST. LOUIS',1966,Rural,16.03,9.59,12.94,178,66,27,,,,,,,
7927,M,'TALPIDAE','CONDYLURA CRISTATA','ITASCA',1966,Rural,17.3,9.25,13.69,183,72,27.5,,,,,,,
8152,M,'TALPIDAE','CONDYLURA CRISTATA','MILLE LACS',1967,Rural,16.52,9.27,13.08,191,75,28,,,,,,,
11328,M,'TALPIDAE','CONDYLURA CRISTATA','COOK',1972,Rural,15.72,8.77,13.36,185,80,26,,,,,,,
11333,F,'TALPIDAE','CONDYLURA CRISTATA','COOK',1972,Rural,15.95,9.13,13.41,203,80,27,,,,,,,
11334,F,'TALPIDAE','CONDYLURA CRISTATA','COOK',1972,Rural,16.41,9.39,13.76,200,78,26,,,,,,,
1413,F,'VESPERTILIONIDAE','EPTESICUS FUSCUS','HENNEPIN',1940,City,9.97,5.73,8.73,109,39.5,11,,,,,,,
1416,M,'VESPERTILIONIDAE','EPTESICUS FUSCUS','WASHINGTON',1940,City,10.58,5.62,8.29,108,43,10,,,,,,,
1417,F,'VESPERTILIONIDAE','EPTESICUS FUSCUS','WASHINGTON',1940,City,10.37,5.88,8.44,107.5,39,10.5,,,,,,,
1978,M,'VESPERTILIONIDAE','EPTESICUS FUSCUS','HENNEPIN',1946,City,9.74,5.58,8.46,108,38,10,,,,,,,
2284,M,'VESPERTILIONIDAE','EPTESICUS FUSCUS','FILLMORE',1947,Rural,9.34,5.32,8.91,108,38,12,,,,,,,
2285,F,'VESPERTILIONIDAE','EPTESICUS FUSCUS','FILLMORE',1947,Rural,10.03,5.18,8.7,114,42,12,,,,,,,
2286,F,'VESPERTILIONIDAE','EPTESICUS FUSCUS','FILLMORE',1947,Rural,9.61,5.51,8.73,116,43,13,,,,,,,
3171,M,'VESPERTILIONIDAE','EPTESICUS FUSCUS','HENNEPIN',1951,City,9.89,5.37,8.57,113,41,12,,,,,,,
3673,M,'VESPERTILIONIDAE','EPTESICUS FUSCUS','HENNEPIN',1959,City,9.37,5.24,8.72,105,27,11,,,,,,,
4230,F,'VESPERTILIONIDAE','EPTESICUS FUSCUS','WASHINGTON',1958,City,10.11,5.58,8.68,106,40,13,,,,,,,
4345,M,'VESPERTILIONIDAE','EPTESICUS FUSCUS','BLUE EARTH',1958,Rural,9.43,5.7,8.57,109,46,10,,,,,,,
4346,F,'VESPERTILIONIDAE','EPTESICUS FUSCUS','BLUE EARTH',1958,Rural,9.8,5.65,8.96,114,46,11,,,,,,,
4505,F,'VESPERTILIONIDAE','EPTESICUS FUSCUS','HENNEPIN',1958,City,10.32,5.62,8.95,120,44,12,,,,,,,
4893,F,'VESPERTILIONIDAE','EPTESICUS FUSCUS','HENNEPIN',1960,City,10.39,5.57,8.53,116,42,13,,,,,,,
4938,M,'VESPERTILIONIDAE','EPTESICUS FUSCUS','GOODHUE',1958,Rural,9.76,5.47,9.16,103,41,12,,,,,,,
4941,M,'VESPERTILIONIDAE','EPTESICUS FUSCUS','MARTIN',1959,Rural,10.25,5.37,8.61,123,53,11,,,,,,,
5908,F,'VESPERTILIONIDAE','EPTESICUS FUSCUS','GOODHUE',1958,Rural,9.83,5.44,8.78,110,45,14,,,,,,,
6020,F,'VESPERTILIONIDAE','EPTESICUS FUSCUS','RAMSEY',1960,City,9.94,5.51,8.81,118,47,12,,,,,,,
7628,F,'VESPERTILIONIDAE','EPTESICUS FUSCUS','BROWN',1966,Rural,9.73,5.69,9.03,122,41,11,,,,,,,
8100,F,'VESPERTILIONIDAE','EPTESICUS FUSCUS','PINE',1967,Rural,10.26,5.78,9.28,120,43,13,,,,,,,
11630,M,'VESPERTILIONIDAE','EPTESICUS FUSCUS','HENNEPIN',1972,City,10.19,5.52,9.07,145,40,12,,,,,,,
11631,M,'VESPERTILIONIDAE','EPTESICUS FUSCUS','HENNEPIN',1972,City,9.92,5.5,8.85,118,47,12,,,,,,,
16694,F,'VESPERTILIONIDAE','EPTESICUS FUSCUS','PINE',1986,Rural,10.57,5.82,9.26,116,40,12,,,,,,,
18383,UNKNOWN,'VESPERTILIONIDAE','EPTESICUS FUSCUS','RAMSEY',1937,City,10.34,5.79,8.78,111,45,13,,,,,,,
19026,M,'VESPERTILIONIDAE','EPTESICUS FUSCUS','RAMSEY',1995,City,10.07,5.73,8.39,105,45,12,,,,,,,
146,F,'GEOMYIDAE','GEOMYS BURSARIUS','SHERBURNE',1916,Rural,20.82,13.03,15.51,225,64,30,,,,,,,
147,M,'GEOMYIDAE','GEOMYS BURSARIUS','SHERBURNE',1916,Rural,20.53,13.69,15.2,228,72,31,,,,,,,
148,M,'GEOMYIDAE','GEOMYS BURSARIUS','SHERBURNE',1919,Rural,23.7,16.48,16.83,290,78,33,,,,,,,
734,UNKNOWN,'GEOMYIDAE','GEOMYS BURSARIUS','KITTSON',1929,Rural,24.7,17,17.95,305,81,39,,,,,,,
1136,UNKNOWN,'GEOMYIDAE','GEOMYS BURSARIUS','HENNEPIN',1935,City,22.98,14.42,16.08,276.9,76.2,35.6,,,,,,,
1184,UNKNOWN,'GEOMYIDAE','GEOMYS BURSARIUS','HENNEPIN',1936,City,20.79,13.12,14.91,210.8,69.9,31.75,,,,,,,
1808,M,'GEOMYIDAE','GEOMYS BURSARIUS','RAMSEY',1938,City,22.15,15.04,16.19,263,71,31.5,,,,,,,
1892,F,'GEOMYIDAE','GEOMYS BURSARIUS','RAMSEY',1942,City,21.43,13.78,15.67,190,74,34,,,,,,,
2439,F,'GEOMYIDAE','GEOMYS BURSARIUS','TRAVERSE',1947,Rural,22.54,15.28,15.78,260,85,34,,,,,,,
2441,F,'GEOMYIDAE','GEOMYS BURSARIUS','POLK',1947,Rural,22.35,15.08,15.88,280,92,35,,,,,,,
3325,F,'GEOMYIDAE','GEOMYS BURSARIUS','ANOKA',1952,City,20.79,13.79,16.12,261,77,36,,,,,,,
4192,F,'GEOMYIDAE','GEOMYS BURSARIUS','GOODHUE',1957,Rural,20.81,13.43,15.68,227,64,33,,,,,,,
5110,M,'GEOMYIDAE','GEOMYS BURSARIUS','RAMSEY',1958,City,22.59,14.36,16.6,269,66,33,,,,,,,
5112,M,'GEOMYIDAE','GEOMYS BURSARIUS','CLEARWATER',1959,Rural,19,11.63,14.42,200,50,28,,,,,,,
5556,F,'GEOMYIDAE','GEOMYS BURSARIUS','HENNEPIN',1958,City,23.53,14.15,16.14,268,85,35,,,,,,,
6066,M,'GEOMYIDAE','GEOMYS BURSARIUS','MORRISON',1961,Rural,22.78,15.4,16.61,291,70,36,,,,,,,
7288,M,'GEOMYIDAE','GEOMYS BURSARIUS','RAMSEY',1961,City,23.85,16.09,17.61,282,77,34,,,,,,,
7306,F,'GEOMYIDAE','GEOMYS BURSARIUS','RAMSEY',1961,City,22.68,14.58,15.76,268,73,34,,,,,,,
7308,F,'GEOMYIDAE','GEOMYS BURSARIUS','RAMSEY',1961,City,23.16,14.7,15.9,249,72,33,,,,,,,
7313,M,'GEOMYIDAE','GEOMYS BURSARIUS','RAMSEY',1961,City,23.72,15.07,16.26,279,64,34,,,,,,,
7883,F,'GEOMYIDAE','GEOMYS BURSARIUS','PINE',1966,Rural,21.74,14.04,15.53,245,67,31,,,,,,,
11643,M,'GEOMYIDAE','GEOMYS BURSARIUS','HENNEPIN',1971,City,22.88,13.75,15.77,268,78,34,,,,,,,
12353,M,'GEOMYIDAE','GEOMYS BURSARIUS','DAKOTA',1973,City,22.95,16.02,16.38,265,85,34,,,,,,,
12354,M,'GEOMYIDAE','GEOMYS BURSARIUS','RAMSEY',1973,City,24.95,15.88,16.38,283,81,36,,,,,,,
13290,F,'GEOMYIDAE','GEOMYS BURSARIUS','WINONA',1975,Rural,22.3,14.03,15.57,255,77,33,,,,,,,
14428,F,'GEOMYIDAE','GEOMYS BURSARIUS','ANOKA',1979,City,22.48,14.39,15.4,235,73,31,,,,,,,
14584,F,'GEOMYIDAE','GEOMYS BURSARIUS','LYON',1982,Rural,23.71,14.95,16.75,278,74,35,,,,,,,
14707,M,'GEOMYIDAE','GEOMYS BURSARIUS','REDWOOD',1983,Rural,22.93,15.95,16.46,286,91,40,,,,,,,
15197,F,'GEOMYIDAE','GEOMYS BURSARIUS','WILKIN',1988,Rural,22.69,14.98,17.16,267,67,33,,,,,,,
18346,F,'GEOMYIDAE','GEOMYS BURSARIUS','BECKER',1999,Rural,18.92,12.85,14.58,197,47,29,,,,,,,
18552,F,'GEOMYIDAE','GEOMYS BURSARIUS','SHERBURNE',2001,Rural,21.97,14.73,15.64,229,68,33,,,,,,,
18617,F,'GEOMYIDAE','GEOMYS BURSARIUS','RAMSEY',2001,City,21.2,14.08,15.16,243,64,34,,,,,,,
2740,M,'VESPERTILIONIDAE','LASIONYCTERIS NOCTIVAGANS','CLEARWATER',1949,Rural,8.34,5.25,8.24,93,44,10,,,,,,,
8041,M,'VESPERTILIONIDAE','LASIONYCTERIS NOCTIVAGANS','WADENA',1968,Rural,8.79,5.34,8.34,101,46,10,,,,,,,
15154,M,'VESPERTILIONIDAE','LASIONYCTERIS NOCTIVAGANS','CLAY',1988,Rural,8.58,5.55,8.54,114,39,10,,,,,,,
18327,F,'VESPERTILIONIDAE','LASIONYCTERIS NOCTIVAGANS','CLEARWATER',1999,Rural,8.72,5.84,8.59,102,39,8,,,,,,,
18384,F,'VESPERTILIONIDAE','LASIONYCTERIS NOCTIVAGANS','WABASHA',1983,Rural,9.02,5.38,8.16,105,45,8,,,,,,,
1567,F,'VESPERTILIONIDAE','LASIURUS BOREALIS','CARVER',1941,Rural,7.99,6.03,7.73,108,46,8,,,,,,,
1568,M,'VESPERTILIONIDAE','LASIURUS BOREALIS','CARVER',1941,Rural,7.68,5.62,7.29,97,44,7,,,,,,,
11363,F,'VESPERTILIONIDAE','LASIURUS BOREALIS','COOK',1972,Rural,8.17,6.38,7.9,116,52,10,,,,,,,
12756,M,'VESPERTILIONIDAE','LASIURUS BOREALIS','CLEARWATER',1965,Rural,8.62,5.85,7.84,94,42,9,,,,,,,
12757,M,'VESPERTILIONIDAE','LASIURUS BOREALIS','LINCOLN',1966,Rural,7.93,5.58,7.37,90,45,7,,,,,,,
14576,M,'VESPERTILIONIDAE','LASIURUS BOREALIS','WINONA',1982,Rural,8.31,6.13,7.74,111,42,9,,,,,,,
14577,F,'VESPERTILIONIDAE','LASIURUS BOREALIS','WINONA',1982,Rural,8.38,5.76,7.65,113,44,10,,,,,,,
14578,F,'VESPERTILIONIDAE','LASIURUS BOREALIS','WINONA',1982,Rural,8.16,5.74,7.66,109,40,9,,,,,,,
15155,F,'VESPERTILIONIDAE','LASIURUS BOREALIS','CLAY',1988,Rural,8.21,5.82,7.96,115,46,9,,,,,,,
15156,F,'VESPERTILIONIDAE','LASIURUS BOREALIS','CLAY',1988,Rural,8.85,6.01,7.89,110,42,8,,,,,,,
15157,F,'VESPERTILIONIDAE','LASIURUS BOREALIS','LAC QUI PARLE',1988,Rural,8.22,6.16,7.92,105,43,7,,,,,,,
43,F,'VESPERTILIONIDAE','LASIURUS CINEREUS','WASECA',1910,Rural,10.68,6.8,10.26,136.5,66.7,14.3,,,,,,,
4088,UNKNOWN,'VESPERTILIONIDAE','LASIURUS CINEREUS','NORMAN',1956,Rural,10.46,6.43,10.02,131,55,12,,,,,,,
4939,F,'VESPERTILIONIDAE','LASIURUS CINEREUS','CLEARWATER',1959,Rural,10.27,6.56,9.81,136,55,11,,,,,,,
7630,M,'VESPERTILIONIDAE','LASIURUS CINEREUS','ST. LOUIS',1966,Rural,10.5,7.47,9.93,133,42,11,,,,,,,
7631,F,'VESPERTILIONIDAE','LASIURUS CINEREUS','ST. LOUIS',1966,Rural,10.95,7.03,10.11,138,48,10,,,,,,,
8101,F,'VESPERTILIONIDAE','LASIURUS CINEREUS','COOK',1967,Rural,10.71,6.77,10.1,130,54,12.5,,,,,,,
15160,F,'VESPERTILIONIDAE','LASIURUS CINEREUS','CLAY',1988,Rural,10.58,7.18,10.47,140,57,11,,,,,,,
15161,M,'VESPERTILIONIDAE','LASIURUS CINEREUS','CLAY',1988,Rural,10.37,6.78,9.57,130,56,10,,,,,,,
18385,F,'VESPERTILIONIDAE','LASIURUS CINEREUS','COTTONWOOD',1994,Rural,10.79,6.93,10.24,124,53,12,,,,,,,
279,M,'MURIDAE','MICROTUS PENNSYLVANICUS','HENNEPIN',1912,City,14.54,7.97,11.3,127,38.1,16.5,,,,,,,
346,F,'MURIDAE','MICROTUS PENNSYLVANICUS','HENNEPIN',1917,City,14.65,8.65,11.55,146,39.7,19.1,,,,,,,
485,F,'MURIDAE','MICROTUS PENNSYLVANICUS','COOK',1922,Rural,13.45,8.09,11.27,125,36,20,,,,,,,
511,M,'MURIDAE','MICROTUS PENNSYLVANICUS','SHERBURNE',1920,Rural,14.44,8.47,11.57,150,42,20,,,,,,,
706,F,'MURIDAE','MICROTUS PENNSYLVANICUS','WINONA',1914,Rural,13.64,7.72,10.98,150,40,20,,,,,,,
711,M,'MURIDAE','MICROTUS PENNSYLVANICUS','LAKE OF THE WOODS',1911,Rural,15.26,8.39,11.29,178,48,22,,,,,,,
1619,F,'MURIDAE','MICROTUS PENNSYLVANICUS','RAMSEY',1936,City,14.43,8.02,11.05,129,36,19,,,,,,,
2410,F,'MURIDAE','MICROTUS PENNSYLVANICUS','MARSHALL',1947,Rural,13.51,7.73,11.41,156,41,19,,,,,,,
2454,F,'MURIDAE','MICROTUS PENNSYLVANICUS','ANOKA',1947,City,13.19,8.61,11.2,122,30,20,,,,,,,
2491,M,'MURIDAE','MICROTUS PENNSYLVANICUS','DAKOTA',1948,City,14.97,9.01,11.33,173,45,20,,,,,,,
2537,M,'MURIDAE','MICROTUS PENNSYLVANICUS','FILLMORE',1948,Rural,14.87,8.56,11.9,174,41,20,,,,,,,
2992,F,'MURIDAE','MICROTUS PENNSYLVANICUS','ST. LOUIS',1950,Rural,13.91,8.15,10.95,127,33,20,,,,,,,
2994,M,'MURIDAE','MICROTUS PENNSYLVANICUS','ST. LOUIS',1950,Rural,14.55,8.71,11.52,140,39,21,,,,,,,
3239,F,'MURIDAE','MICROTUS PENNSYLVANICUS','MARTIN',1940,Rural,14.6,8.23,11.52,144,34,18,,,,,,,
3339,F,'MURIDAE','MICROTUS PENNSYLVANICUS','HENNEPIN',1952,City,14.12,8.12,11.55,125,37,20,,,,,,,
4083,M,'MURIDAE','MICROTUS PENNSYLVANICUS','ANOKA',1932,City,14.15,8.26,11.26,152.4,35.6,19.1,,,,,,,
5123,F,'MURIDAE','MICROTUS PENNSYLVANICUS','RAMSEY',1958,City,14.33,8.46,11.62,167,49,19,,,,,,,
7668,M,'MURIDAE','MICROTUS PENNSYLVANICUS','RAMSEY',1966,City,14.81,8.42,11.6,157,41,19.5,,,,,,,
7684,F,'MURIDAE','MICROTUS PENNSYLVANICUS','NOBLES',1966,Rural,13.89,7.78,10.84,150,40,18,,,,,,,
7971,M,'MURIDAE','MICROTUS PENNSYLVANICUS','ROCK',1966,Rural,14.09,8.1,11.28,142,35,19,,,,,,,
8800,F,'MURIDAE','MICROTUS PENNSYLVANICUS','HENNEPIN',1967,City,14.03,7.75,11.15,146,36,19,,,,,,,
11683,M,'MURIDAE','MICROTUS PENNSYLVANICUS','HENNEPIN',1972,City,14.67,8.16,11.16,137,35,20,,,,,,,
12372,F,'MURIDAE','MICROTUS PENNSYLVANICUS','LAKE OF THE WOODS',1973,Rural,14.12,7.74,11.23,127,39,19,,,,,,,
13040,M,'MURIDAE','MICROTUS PENNSYLVANICUS','SHERBURNE',1975,Rural,13.79,7.53,11.11,137,42,20,,,,,,,
13103,F,'MURIDAE','MICROTUS PENNSYLVANICUS','RAMSEY',1975,City,14.99,8.72,11.3,164,45,19,,,,,,,
14648,M,'MURIDAE','MICROTUS PENNSYLVANICUS','MOWER',1982,Rural,13.86,7.95,11.08,138,35,19,,,,,,,
14718,F,'MURIDAE','MICROTUS PENNSYLVANICUS','LINCOLN',1982,Rural,14.13,8.15,11.35,147,37,20,,,,,,,
15588,M,'MURIDAE','MICROTUS PENNSYLVANICUS','WASHINGTON',1988,City,14,8.1,11.23,152,41,18,,,,,,,
15690,F,'MURIDAE','MICROTUS PENNSYLVANICUS','ANOKA',1982,City,14.15,7.82,11.22,147,42,18,,,,,,,
18048,F,'MURIDAE','MICROTUS PENNSYLVANICUS','POLK',1998,Rural,14.03,7.59,11.09,149,38,19,,,,,,,
18303,F,'MURIDAE','MICROTUS PENNSYLVANICUS','HENNEPIN',1997,City,13.64,7.93,10.58,149,39,17,,,,,,,
18305,M,'MURIDAE','MICROTUS PENNSYLVANICUS','POLK',1995,Rural,13.74,7.62,11.15,113,34,17,,,,,,,
18624,M,'MURIDAE','MICROTUS PENNSYLVANICUS','DAKOTA',2002,City,15.07,8.48,11.06,141,38,19,,,,,,,
18624,M,'MURIDAE','MICROTUS PENNSYLVANICUS','DAKOTA',2002,City,14.69,8.05,11,141,38,19,,,,,,,
18695,F,'MURIDAE','MICROTUS PENNSYLVANICUS','CLEARWATER',2003,Rural,14.12,7.52,10.99,144,42,18,,,,,,,
19060,F,'MURIDAE','MICROTUS PENNSYLVANICUS','RAMSEY',2005,City,14.62,8.46,11.76,140,41,20,,,,,,,
497,M,'MUSTELIDAE','MUSTELA ERMINEA','COOK',1922,Rural,24.93,13.87,17.63,226,59,30,,,,,,,
498,M,'MUSTELIDAE','MUSTELA ERMINEA','LAKE',1922,Rural,26.64,14.92,18.29,312,90,41,,,,,,,
1156,UNKNOWN,'MUSTELIDAE','MUSTELA ERMINEA','ROSEAU',1935,Rural,26.84,13.48,19.09,325.40,101.60,44.50,,,,,,,
1157,UNKNOWN,'MUSTELIDAE','MUSTELA ERMINEA','ROSEAU',1935,Rural,26.87,12.93,18.75,295.30,98.40,41.30,,,,,,,
1158,UNKNOWN,'MUSTELIDAE','MUSTELA ERMINEA','ROSEAU',1935,Rural,21.29,11.15,16.24,257.20,79.40,41.30,,,,,,,
1353,M,'MUSTELIDAE','MUSTELA ERMINEA','LAKE OF THE WOODS',1939,Rural,25.79,13.39,19.98,327,101.60,38.1,,,,,,,
1925,M,'MUSTELIDAE','MUSTELA ERMINEA','LAKE OF THE WOODS',1946,Rural,27.84,14,19.89,317.5,88.90,44.5,,,,,,,
1926,M,'MUSTELIDAE','MUSTELA ERMINEA','LAKE OF THE WOODS',1946,Rural,28.18,12.9,18.3,285.80,76.2,38 1/9,,,,,,,
3074,F,'MUSTELIDAE','MUSTELA ERMINEA','ST. LOUIS',1945,Rural,24.07,10.28,15.64,230,55,30,,,,,,,
4744,F,'MUSTELIDAE','MUSTELA ERMINEA','CLEARWATER',1959,Rural,24.84,13.63,17.46,237,53,33,,,,,,,
4786,M,'MUSTELIDAE','MUSTELA ERMINEA','SCOTT',1958,Rural,28.72,13.11,18.89,290,74,36,,,,,,,
4928,M,'MUSTELIDAE','MUSTELA ERMINEA','SCOTT',1958,Rural,27.98,13.51,20.41,308,81,41,,,,,,,
7907,M,'MUSTELIDAE','MUSTELA ERMINEA','ST. LOUIS',1966,Rural,28.36,14.16,20.74,320,90,40,,,,,,,
7908,F,'MUSTELIDAE','MUSTELA ERMINEA','COOK',1966,Rural,21.89,10.3,15.39,240,60,29,,,,,,,
8047,M,'MUSTELIDAE','MUSTELA ERMINEA','KANDIYOHI',1968,Rural,29.97,13.27,19.72,300,88,39,,,,,,,
11699,M,'MUSTELIDAE','MUSTELA ERMINEA','ITASCA',1970,Rural,28.27,12.54,18.43,305,80,37,,,,,,,
11854,F,'MUSTELIDAE','MUSTELA ERMINEA','COOK',1972,Rural,24.69,13.51,17.35,238,69,29,,,,,,,
13656,F,'MUSTELIDAE','MUSTELA ERMINEA','STEARNS',1977,Rural,25.13,12.85,17.07,240,65,31,,,,,,,
14725,F,'MUSTELIDAE','MUSTELA ERMINEA','MURRAY',1983,Rural,26.57,13.54,17.93,265,74,30,,,,,,,
16408,M,'MUSTELIDAE','MUSTELA ERMINEA','OTTERTAIL',1981,Rural,28.1,14.72,18.04,279,76,31,,,,,,,
18568,M,'MUSTELIDAE','MUSTELA ERMINEA','KANABEC',1999,Rural,27.48,12.68,17.72,275,67,35,,,,,,,
18570,M,'MUSTELIDAE','MUSTELA ERMINEA','KANABEC',2001,Rural,28.17,14.09,19.63,380,73,39,,,,,,,
210,M,'VESPERTILIONIDAE','MYOTIS LUCIFUGUS','SHERBURNE',1916,Rural,8.91,4.9,7.12,87.1,30.1,9.1,,,,,,,
300,UNKNOWN,'VESPERTILIONIDAE','MYOTIS LUCIFUGUS','CLEARWATER',1921,Rural,9.05,5.14,7.24,85.7,41.3,9.5,,,,,,,
589,M,'VESPERTILIONIDAE','MYOTIS LUCIFUGUS','SHERBURNE',1920,Rural,9.12,4.94,7.3,91,40,10.5,,,,,,,
1463,UNKNOWN,'VESPERTILIONIDAE','MYOTIS LUCIFUGUS','RAMSEY',1936,City,9.44,5.2,8.04,89,36,9,,,,,,,
1465,F,'VESPERTILIONIDAE','MYOTIS LUCIFUGUS','HENNEPIN',1937,City,7.97,5.16,7.26,82,33,9,,,,,,,
1471,F,'VESPERTILIONIDAE','MYOTIS LUCIFUGUS','DAKOTA',1936,City,9.21,5.27,8.13,91,39,11,,,,,,,
1472,F,'VESPERTILIONIDAE','MYOTIS LUCIFUGUS','CLEARWATER',1938,Rural,8.75,5.13,7.66,85,29,10,,,,,,,
2500,M,VESPERTILIONIDAE','MYOTIS LUCIFUGUS','FILLMORE',1948,Rural,8.6,5.24,7.5,88,42,11,,,,,,,
2554,M,'VESPERTILIONIDAE','MYOTIS LUCIFUGUS','ROSEAU',1948,Rural,8.56,5.23,7.32,87,38,10,,,,,,,
2855,M,'VESPERTILIONIDAE','MYOTIS LUCIFUGUS','HENNEPIN',1937,City,8.69,5.16,7.61,85,38,11,,,,,,,
3000,F,'VESPERTILIONIDAE','MYOTIS LUCIFUGUS','HENNEPIN',1950,City,9.05,5.11,7.39,78,36,11,,,,,,,
4783,F,'VESPERTILIONIDAE','MYOTIS LUCIFUGUS','TODD',1959,Rural,8.93,5.05,7.43,90,37,12,,,,,,,
4947,M,'VESPERTILIONIDAE','MYOTIS LUCIFUGUS','ST. LOUIS',1958,Rural,8.88,5.17,7.24,96,38,11,,,,,,,
7617,F,'VESPERTILIONIDAE','MYOTIS LUCIFUGUS','CROW WING',1966,Rural,8.83,5.24,7.41,83,32,10,,,,,,,
7618,M,'VESPERTILIONIDAE','MYOTIS LUCIFUGUS','ST. LOUIS',1966,Rural,9.08,5.13,7.53,88,35,10,,,,,,,
8102,M,'VESPERTILIONIDAE','MYOTIS LUCIFUGUS','HENNEPIN',1967,City,9,5.08,7.33,85,36,10,,,,,,,
11361,M,'VESPERTILIONIDAE','MYOTIS LUCIFUGUS','COOK',1972,Rural,8.56,5.44,7.23,87,34,8,,,,,,,
11620,F,'VESPERTILIONIDAE','MYOTIS LUCIFUGUS','HENNEPIN',1972,City,9.14,5.38,7.5,80,32,9,,,,,,,
11621,F,'VESPERTILIONIDAE','MYOTIS LUCIFUGUS','HOUSTON',1972,Rural,9.07,5.55,7.5,75,35,9.5,,,,,,,
12834,F,'VESPERTILIONIDAE','MYOTIS LUCIFUGUS','RAMSEY',1972,City,9.4,5.36,7.15,86,34,10,,,,,,,
12836,F,'VESPERTILIONIDAE','MYOTIS LUCIFUGUS','RAMSEY',1972,City,9.05,4.92,7.21,95,36,10,,,,,,,
12839,M,'VESPERTILIONIDAE','MYOTIS LUCIFUGUS','RAMSEY',1972,City,8.85,5.24,7.57,77,35,9,,,,,,,
13374,M,'VESPERTILIONIDAE','MYOTIS LUCIFUGUS','RAMSEY',1950,City,9.57,5.31,7.7,98,37,12,,,,,,,
16695,F,'VESPERTILIONIDAE','MYOTIS LUCIFUGUS','ST. LOUIS',1987,Rural,8.98,5.29,7.58,91,38,10,,,,,,,
18321,M,'VESPERTILIONIDAE','MYOTIS LUCIFUGUS','CLEARWATER',1999,Rural,8.71,5.15,7.37,87,44,11,,,,,,,
18326,F,'VESPERTILIONIDAE','MYOTIS LUCIFUGUS','CLEARWATER',1999,Rural,8.74,5.22,7.35,92,36,11,,,,,,,
18546,F,'VESPERTILIONIDAE','MYOTIS LUCIFUGUS','RAMSEY',2000,City,8.5,5.22,7.22,80,31,9,,,,,,,
19027,M,'VESPERTILIONIDAE','MYOTIS LUCIFUGUS','HENNEPIN',2004,City,8.9,5.59,7.45,70,20,9,,,,,,,
161,M,'MURIDAE','PEROMYSCUS LEUCOPUS','SHERBURNE',1916,Rural,13.25,8.04,11.51,156,69,20,,,,,,,
536,M,'MURIDAE','PEROMYSCUS LEUCOPUS','SHERBURNE',1920,Rural,15.2,7.77,11.6,140,58,19.5,,,,,,,
539,M,'MURIDAE','PEROMYSCUS LEUCOPUS','SHERBURNE',1928,Rural,13.4,7.76,12.23,149,61,20,,,,,,,
544,F,'MURIDAE','PEROMYSCUS LEUCOPUS','SHERBURNE',1920,Rural,14.48,8.27,11.39,165,76,19,,,,,,,
724,M,'MURIDAE','PEROMYSCUS LEUCOPUS','WINONA',1914,Rural,15.5,7.67,12.16,176,74,22,,,,,,,
725,F,'MURIDAE','PEROMYSCUS LEUCOPUS','WINONA',1914,Rural,15.76,7.73,12.23,155,63,20,,,,,,,
1301,M,'MURIDAE','PEROMYSCUS LEUCOPUS','GOODHUE',1938,Rural,15.63,8.66,11.68,178.51,74.66,18.6,,,,,,,
1314,UNKNOWN,'MURIDAE','PEROMYSCUS LEUCOPUS','GOODHUE',1938,Rural,15.05,7.71,11.89,170,80,20,,,,,,,
1784,F,'MURIDAE','PEROMYSCUS LEUCOPUS','HENNEPIN',1938,City,15.7,8.31,12.08,162,70,20,,,,,,,
2298,M,'MURIDAE','PEROMYSCUS LEUCOPUS','WINONA',1947,Rural,15.99,7.82,11.28,152,64,21,,,,,,,
2612,F,'MURIDAE','PEROMYSCUS LEUCOPUS','ANOKA',1948,City,15.86,8.22,11.78,179,76,21,,,,,,,
2633,M,'MURIDAE','PEROMYSCUS LEUCOPUS','HENNEPIN',1948,City,16.06,8.29,12.11,163,69,19,,,,,,,
3207,M,'MURIDAE','PEROMYSCUS LEUCOPUS','MORRISON',1951,Rural,16.09,8.32,12.01,166,75,21,,,,,,,
3236,F,'MURIDAE','PEROMYSCUS LEUCOPUS','POLK',1946,Rural,15.58,7.96,11.43,172,76,21,,,,,,,
3333,M,'MURIDAE','PEROMYSCUS LEUCOPUS','HENNEPIN',1951,City,15.97,8.7,12.47,153,68,22,,,,,,,
3403,F,'MURIDAE','PEROMYSCUS LEUCOPUS','ISANTI',1953,Rural,14.98,7.9,11.54,140,70,16,,,,,,,
4195,M,'MURIDAE','PEROMYSCUS LEUCOPUS','HENNEPIN',1931,City,15.6,8.15,11.72,160,76,19,,,,,,,
4434,F,'MURIDAE','PEROMYSCUS LEUCOPUS','ANOKA',1932,City,15.96,8.04,11.88,164,66,19,,,,,,,
4718,F,'MURIDAE','PEROMYSCUS LEUCOPUS','TODD',1958,Rural,13.57,8.03,12.13,186,85,21,,,,,,,
5079,F,'MURIDAE','PEROMYSCUS LEUCOPUS','RAMSEY',1958,City,15.19,7.98,12.1,170,70,19,,,,,,,
5919,M,'MURIDAE','PEROMYSCUS LEUCOPUS','HENNEPIN',1960,City,15.19,7.97,11.4,160,70,21,,,,,,,
9142,M,'MURIDAE','PEROMYSCUS LEUCOPUS','CASS',1966,Rural,15.95,7.88,11.82,175,82,21,,,,,,,
9214,M,'MURIDAE','PEROMYSCUS LEUCOPUS','RAMSEY',1966,City,15.73,7.97,11.91,162,74,19,,,,,,,
9216,F,'MURIDAE','PEROMYSCUS LEUCOPUS','RAMSEY',1966,City,15.83,7.83,12.16,149,62,20,,,,,,,
9366,F,'MURIDAE','PEROMYSCUS LEUCOPUS','CASS',1967,Rural,15.77,8.3,11.9,175,81,21,,,,,,,
9631,M,'MURIDAE','PEROMYSCUS LEUCOPUS','RAMSEY',1968,City,15.15,7.71,11.88,167,78,19,,,,,,,
9634,F,'MURIDAE','PEROMYSCUS LEUCOPUS','RAMSEY',1968,City,14.91,7.95,11.52,152,66,18,,,,,,,
11671,F,'MURIDAE','PEROMYSCUS LEUCOPUS','HOUSTON',1972,Rural,16.24,8.11,11.65,171,74,21,,,,,,,
12360,F,'MURIDAE','PEROMYSCUS LEUCOPUS','RAMSEY',1973,City,16,8.35,12.09,169,79,21,,,,,,,
13212,M,'MURIDAE','PEROMYSCUS LEUCOPUS','RENVILLE',1974,Rural,15.12,7.81,11.79,158,72,20,,,,,,,
14434,M,'MURIDAE','PEROMYSCUS LEUCOPUS','ANOKA',1979,City,14.89,8.39,12.15,174,74,16,,,,,,,
14436,F,'MURIDAE','PEROMYSCUS LEUCOPUS','ANOKA',1979,City,14.58,7.99,12.12,185,83,18,,,,,,,
14439,F,'MURIDAE','PEROMYSCUS LEUCOPUS','BELTRAMI',1979,Rural,13.82,7.63,11.91,173,76,12,,,,,,,
14602,F,'MURIDAE','PEROMYSCUS LEUCOPUS','PIPESTONE',1982,Rural,15.22,7.69,11.36,155,63,21,,,,,,,
14714,M,'MURIDAE','PEROMYSCUS LEUCOPUS','NOBLES',1983,Rural,15.66,7.96,11.89,178,77,22,,,,,,,
15006,M,'MURIDAE','PEROMYSCUS LEUCOPUS','ANOKA',1986,City,15.98,7.93,11.93,167,79,22,,,,,,,
15007,F,'MURIDAE','PEROMYSCUS LEUCOPUS','ANOKA',1986,City,15.33,7.47,11.85,150,65,20,,,,,,,
15227,M,'MURIDAE','PEROMYSCUS LEUCOPUS','LAC QUI PARLE',1988,Rural,14.16,8.64,12.36,194,91,22,,,,,,,
15533,M,'MURIDAE','PEROMYSCUS LEUCOPUS','WASHINGTON',1988,City,15.03,8.61,12.29,160,75,22,,,,,,,
16300,M,'MURIDAE','PEROMYSCUS LEUCOPUS','ANOKA',1982,City,15.79,7.94,12.04,163,67,21,,,,,,,
18299,F,'MURIDAE','PEROMYSCUS LEUCOPUS','HENNEPIN',1997,City,15.62,7.89,11.34,172,72,20,,,,,,,
18349,M,'MURIDAE','PEROMYSCUS LEUCOPUS','CLEARWATER',1999,Rural,15.71,8.01,11.27,149,69,20,,,,,,,
18352,F,'MURIDAE','PEROMYSCUS LEUCOPUS','CLEARWATER',1999,Rural,16.12,8.02,12.04,155,75,22,,,,,,,
18554,F,'MURIDAE','PEROMYSCUS LEUCOPUS','ANOKA',1999,City,15.12,8.07,11.76,167,78,20,,,,,,,
18984,F,'MURIDAE','PEROMYSCUS LEUCOPUS','DAKOTA',2004,City,13.85,7.87,12.06,135,62,19,,,,,,,
18986,F,'MURIDAE','PEROMYSCUS LEUCOPUS','RAMSEY',2004,City,15.8,8.05,11.89,158,75,21,,,,,,,
19069,M,'MURIDAE','PEROMYSCUS LEUCOPUS','CLEARWATER',2005,Rural,14.92,7.54,11.56,154,74,19,,,,,,,
19071,F,'MURIDAE','PEROMYSCUS LEUCOPUS','RAMSEY',2004,City,15.31,7.77,11.95,161,77,20,,,,,,,
19072,M,'MURIDAE','PEROMYSCUS LEUCOPUS','RAMSEY',2004,City,15.39,8.38,11.94,140,69,19,,,,,,,
1035,F,'VESPERTILIONIDAE','PIPISTRELLUS SUBFLAVUS','NICOLLET',1934,Rural,6.94,4.86,6.63,78.7,38.1,9.1,,,,,,,
1036,M,'VESPERTILIONIDAE','PIPISTRELLUS SUBFLAVUS','NICOLLET',1934,Rural,7.5,4.73,6.85,76.2,38.1,9.7,,,,,,,
1418,M,'VESPERTILIONIDAE','PIPISTRELLUS SUBFLAVUS','GOODHUE',1941,Rural,7.29,4.92,6.94,81,33.7,9.3,,,,,,,
2862,M,'VESPERTILIONIDAE','PIPISTRELLUS SUBFLAVUS','WABASHA',1940,Rural,7.52,4.82,6.86,81,34,8,,,,,,,
4335,F,'VESPERTILIONIDAE','PIPISTRELLUS SUBFLAVUS','FILLMORE',1958,Rural,7.55,4.95,6.9,84,39,8,,,,,,,
4336,F,'VESPERTILIONIDAE','PIPISTRELLUS SUBFLAVUS','FILLMORE',1958,Rural,8.04,5.19,6.95,83,41,8,,,,,,,
4337,M,'VESPERTILIONIDAE','PIPISTRELLUS SUBFLAVUS','FILLMORE',1958,Rural,7.83,5.08,6.72,86,42,9,,,,,,,
4339,M,'VESPERTILIONIDAE','PIPISTRELLUS SUBFLAVUS','FILLMORE',1958,Rural,7.55,4.74,6.83,81,39,8,,,,,,,
11629,M,'VESPERTILIONIDAE','PIPISTRELLUS SUBFLAVUS','HOUSTON',1972,Rural,8.17,4.76,6.84,80,40,10,,,,,,,
3674,F,'PROCYONIDAE','PROCYON LOTOR','CARVER',1954,Rural,62.63,33.73,47.99,787.4,254,95.3,,,,,,,
4498,M,'PROCYONIDAE','PROCYON LOTOR','FILLMORE',1958,Rural,61.73,35.21,50.51,818.9,304.8,120.6,,,,,,,
5621,M,'PROCYONIDAE','PROCYON LOTOR','JACKSON',1962,Rural,62.57,34.99,51.18,820,248,117,,,,,,,
5622,M,'PROCYONIDAE','PROCYON LOTOR','NICOLLET',1962,Rural,61.46,35.16,49.43,753,235,121,,,,,,,
5694,M,'PROCYONIDAE','PROCYON LOTOR','WABASHA',1963,Rural,68.45,34.79,54.8,785,210,115,,,,,,,
8077,M,'PROCYONIDAE','PROCYON LOTOR','ROCK',1966,Rural,72.29,36.53,53.04,890,279,132,,,,,,,
11695,F,'PROCYONIDAE','PROCYON LOTOR','DAKOTA',1972,City,63.53,35.14,49,910,260,109,,,,,,,
13042,M,'PROCYONIDAE','PROCYON LOTOR','PINE',1975,Rural,58.07,34.54,47.79,610,140,76,,,,,,,
18566,M,'PROCYONIDAE','PROCYON LOTOR','CLEARWATER',1999,Rural,69.19,36.94,49.61,860,215,113,,,,,,,
18567,M,'PROCYONIDAE','PROCYON LOTOR','STEARNS',1999,Rural,72.65,36.71,53.24,830,280,120,,,,,,,
178,M,'TALPIDAE','SCALOPUS AQUATICUS','SHERBURNE',1917,Rural,19.15,8.97,18.72,163,30,19,,,,,,,
3165,M,'TALPIDAE','SCALOPUS AQUATICUS','GOODHUE',1951,Rural,19.22,10.26,18.91,174,24,32,,,,,,,
7930,F,'TALPIDAE','SCALOPUS AQUATICUS','NOBLES',1966,Rural,18.89,9.26,18.38,169,21,22,,,,,,,
12327,F,'TALPIDAE','SCALOPUS AQUATICUS','OLMSTED',1973,Rural,19.2,9.53,18.62,180,28,24,,,,,,,
13019,M,'TALPIDAE','SCALOPUS AQUATICUS','SHERBURNE',1975,Rural,18.06,9.71,18.11,175,26,24,,,,,,,
13086,F,'TALPIDAE','SCALOPUS AQUATICUS','ISANTI',1972,Rural,18.06,9.53,18.33,167,28,22,,,,,,,
15054,M,'TALPIDAE','SCALOPUS AQUATICUS','LAC QUI PARLE',1988,Rural,19.97,10.15,19.58,178,23,23,,,,,,,
603,UNKNOWN,'SCIURIDAE','SCIURUS CAROLINENSIS','HENNEPIN',1911,City,35.27,20.08,27.19,550,275,69.9,,,,,,,
1166,UNKNOWN,'SCIURIDAE','SCIURUS CAROLINENSIS','FILLMORE',1935,Rural,33.58,19.94,27.1,495.3009906,222.2504445,68.58013716,,,,,,,
1213,M,'SCIURIDAE','SCIURUS CAROLINENSIS','SCOTT',1937,Rural,33.69,18.95,24.15,439.4208788,196.8503937,60.96012192,,,,,,,
1876,UNKNOWN,'SCIURIDAE','SCIURUS CAROLINENSIS','HENNEPIN',1943,City,36.58,19.62,25.85,368.3007366,228.6004572,60.32512065,,,,,,,
1970,M,'SCIURIDAE','SCIURUS CAROLINENSIS','LESUEUR',1946,Rural,33.9,19,26.22,495.3009906,215.9004318,69.8501397,,,,,,,
1971,M,'SCIURIDAE','SCIURUS CAROLINENSIS','HENNEPIN',1946,City,34.46,18.89,25.34,400,180,60,,,,,,,
2916,M,'SCIURIDAE','SCIURUS CAROLINENSIS','RAMSEY',1950,City,34.55,19.24,27.58,571,207,73,,,,,,,
2917,M,'SCIURIDAE','SCIURUS CAROLINENSIS','RAMSEY',1950,City,34.81,19.62,27.11,337,193,66,,,,,,,
3099,M,'SCIURIDAE','SCIURUS CAROLINENSIS','HENNEPIN',1952,City,35.42,18.91,24.89,425.4508509,203.2004064,63.500127,,,,,,,
3864,M,'SCIURIDAE','SCIURUS CAROLINENSIS','HENNEPIN',1956,City,35.57,19.83,24.93,488.9509779,228.6004572,63.500127,,,,,,,
4426,F,'SCIURIDAE','SCIURUS CAROLINENSIS','HENNEPIN',1958,City,34.49,19.38,27.19,484,219,66,,,,,,,
4763,M,'SCIURIDAE','SCIURUS CAROLINENSIS','TODD',1959,Rural,34.98,19.26,28.58,523,237,74,,,,,,,
5716,M,'SCIURIDAE','SCIURUS CAROLINENSIS','HENNEPIN',1962,City,36.42,18.76,26.3,480,214,63,,,,,,,
7624,F,'SCIURIDAE','SCIURUS CAROLINENSIS','OTTERTAIL',1966,Rural,34.57,18.64,27.35,470,187,65,,,,,,,
7626,M,'SCIURIDAE','SCIURUS CAROLINENSIS','OTTERTAIL',1966,Rural,35.52,18.81,27.57,468,204,60,,,,,,,
11953,M,'SCIURIDAE','SCIURUS CAROLINENSIS','CROW WING',1972,Rural,34.39,18.71,26.21,482,210,66,,,,,,,
11954,F,'SCIURIDAE','SCIURUS CAROLINENSIS','MILLE LACS',1972,Rural,34.36,19.18,27.25,494,216,67,,,,,,,
12285,F,'SCIURIDAE','SCIURUS CAROLINENSIS','HENNEPIN',1973,City,34.8,19.04,26.71,495,232,73,,,,,,,
12605,F,'SCIURIDAE','SCIURUS CAROLINENSIS','SCOTT',1972,Rural,34.81,19.99,26.98,470,220,72,,,,,,,
12608,M,'SCIURIDAE','SCIURUS CAROLINENSIS','SCOTT',1972,Rural,35.75,18.46,26.6,430,150,71,,,,,,,
13154,F,'SCIURIDAE','SCIURUS CAROLINENSIS','HENNEPIN',1974,City,37.06,19.03,26.17,500,222,73,,,,,,,
15675,F,'SCIURIDAE','SCIURUS CAROLINENSIS','CASS',1969,Rural,34.14,18.8,26.89,462,210,66,,,,,,,
15676,M,'SCIURIDAE','SCIURUS CAROLINENSIS','RAMSEY',1979,City,31.87,19.53,26.49,445,214,64,,,,,,,
18947,F,'SCIURIDAE','SCIURUS CAROLINENSIS','ANOKA',2004,City,32.63,18.77,25.81,490,205,55,,,,,,,
18948,F,'SCIURIDAE','SCIURUS CAROLINENSIS','HENNEPIN',2003,City,36.86,20.21,26.94,477,280,62,,,,,,,
2557,F,'SORICIDAE','SOREX ARCTICUS','ROSEAU',1948,Rural,9.1,5.86,9.36,112,39,13,,,,,,,
3004,F,'SORICIDAE','SOREX ARCTICUS','CLEARWATER',1946,Rural,9.15,5.4,9.21,106,39,12,,,,,,,
3133,M,'SORICIDAE','SOREX ARCTICUS','COOK',1951,Rural,10,5.39,9.78,123,40,14,,,,,,,
3882,M,'SORICIDAE','SOREX ARCTICUS','ST. LOUIS',1955,Rural,8.72,4.52,7.8,105,39,13,,,,,,,
4446,F,'SORICIDAE','SOREX ARCTICUS','MAHNOMEN',1957,Rural,9.92,5.41,9.46,112,41,14,,,,,,,
5073,F,'SORICIDAE','SOREX ARCTICUS','MARSHALL',1959,Rural,10.65,5.71,9.51,121,40,14,,,,,,,
7589,M,'SORICIDAE','SOREX ARCTICUS','ST. LOUIS',1966,Rural,10.07,5.84,9.37,108,40,15,,,,,,,
7601,F,'SORICIDAE','SOREX ARCTICUS','LAKE OF THE WOODS',1966,Rural,10.11,5.89,9.29,108,36,13,,,,,,,
8894,F,'SORICIDAE','SOREX ARCTICUS','POLK',1968,Rural,10.44,5.61,9.27,112,45,15,,,,,,,
10672,F,'SORICIDAE','SOREX ARCTICUS','COOK',1972,Rural,10.45,5.78,9.24,110,42,15,,,,,,,
10676,M,'SORICIDAE','SOREX ARCTICUS','COOK',1972,Rural,9.35,5.21,9.28,106,36,14,,,,,,,
10677,F,'SORICIDAE','SOREX ARCTICUS','COOK',1972,Rural,9.56,5.5,9.41,108,37,14,,,,,,,
14189,F,'SORICIDAE','SOREX ARCTICUS','BECKER',1980,Rural,10.13,5.24,9.3,106,39,12,,,,,,,
14389,M,'SORICIDAE','SOREX ARCTICUS','POLK',1979,Rural,10.87,5.88,9.54,110,42,15,,,,,,,
15089,M,'SORICIDAE','SOREX ARCTICUS','NORMAN',1988,Rural,9.69,5.19,9.28,105,38,16,,,,,,,
16368,F,'SORICIDAE','SOREX ARCTICUS','WILKIN',1981,Rural,9.98,5.6,9.44,116,38,11,,,,,,,
16369,M,'SORICIDAE','SOREX ARCTICUS','WILKIN',1981,Rural,10.06,5.83,9.15,109,46,11,,,,,,,
17930,M,'SORICIDAE','SOREX ARCTICUS','POLK',1998,Rural,10.22,5.73,9.44,118,38,13,,,,,,,
17931,M,'SORICIDAE','SOREX ARCTICUS','POLK',1998,Rural,10.19,5.86,9.25,109,39,13,,,,,,,
18593,UNKNOWN,'SORICIDAE','SOREX ARCTICUS','RICE',2002,Rural,10,5.48,9.46,112,34,12,,,,,,,
2255,UNKNOWN,'SORICIDAE','SOREX CINEREUS','COOK',1947,Rural,7.24,3.68,6.82,84,35,11,,,,,,,
2350,F,'SORICIDAE','SOREX CINEREUS','HENNEPIN',1947,City,8.7,4.88,7.66,96,39,11,,,,,,,
2451,M,'SORICIDAE','SOREX CINEREUS','ANOKA',1947,City,8.26,4.04,7.36,79,35,11,,,,,,,
2508,M,'SORICIDAE','SOREX CINEREUS','FILLMORE',1948,Rural,8.03,4.08,7.39,92,47,11,,,,,,,
2735,M,'SORICIDAE','SOREX CINEREUS','ANOKA',1949,City,8.57,4.54,7.81,96,40,12,,,,,,,
2737,F,'SORICIDAE','SOREX CINEREUS','CLEARWATER',1949,Rural,8.43,4.34,7.56,99,42,13,,,,,,,
3132,M,'SORICIDAE','SOREX CINEREUS','COOK',1951,Rural,7.98,4.46,7.65,102,36,11,,,,,,,
3168,UNKNOWN,'SORICIDAE','SOREX CINEREUS','ANOKA',1951,City,9.07,4.93,7.9,91,40,12,,,,,,,
3731,M,'SORICIDAE','SOREX CINEREUS','DAKOTA',1954,City,8.16,4.5,7.27,96,39,12,,,,,,,
3921,UNKNOWN,'SORICIDAE','SOREX CINEREUS','CLEARWATER',1957,Rural,8.26,5.15,7.14,83,37,11,,,,,,,
5988,F,'SORICIDAE','SOREX CINEREUS','FILLMORE',1958,Rural,8.86,4.36,7.46,90,34,11,,,,,,,
6403,F,'SORICIDAE','SOREX CINEREUS','ANOKA',1959,City,8.51,4.33,7.58,90,38,12,,,,,,,
7557,F,'SORICIDAE','SOREX CINEREUS','COOK',1966,Rural,8.18,4.58,7.18,82,35,11,,,,,,,
8124,M,'SORICIDAE','SOREX CINEREUS','CARVER',1967,Rural,8.85,4.61,7.8,90,40,12,,,,,,,
8898,M,'SORICIDAE','SOREX CINEREUS','FREEBORN',1968,Rural,8.45,5.16,7.53,89,38,11,,,,,,,
8905,F,'SORICIDAE','SOREX CINEREUS','RAMSEY',1968,City,8.12,4.71,7.62,96,38,11,,,,,,,
11611,M,'SORICIDAE','SOREX CINEREUS','RAMSEY',1972,City,8.16,4.34,6.63,90,36,13,,,,,,,
12149,F,'SORICIDAE','SOREX CINEREUS','COOK',1972,Rural,7.74,4.31,7.47,93,21,12,,,,,,,
12150,M,'SORICIDAE','SOREX CINEREUS','COOK',1973,Rural,7.67,4.05,7.45,95,37,12,,,,,,,
12320,F,'SORICIDAE','SOREX CINEREUS','ANOKA',1973,City,9.15,4.57,7.66,84,40,11,,,,,,,
13625,F,'SORICIDAE','SOREX CINEREUS','STEARNS',1977,Rural,8.54,4.88,7.35,96,40,12,,,,,,,
14393,F,'SORICIDAE','SOREX CINEREUS','ANOKA',1979,City,8.75,4.75,7.55,94,37,11,,,,,,,
14514,F,'SORICIDAE','SOREX CINEREUS','HOUSTON',1982,Rural,8.96,4.92,8.12,102,38,11,,,,,,,
14515,M,'SORICIDAE','SOREX CINEREUS','HOUSTON',1982,Rural,8.15,4.33,7.65,83,34,12,,,,,,,
15460,M,'SORICIDAE','SOREX CINEREUS','WASHINGTON',1988,City,8.92,5.04,7.8,97,36,11,,,,,,,
15461,M,'SORICIDAE','SOREX CINEREUS','WASHINGTON',1988,City,8.98,4.94,7.87,86,38,12,,,,,,,
15462,F,'SORICIDAE','SOREX CINEREUS','WASHINGTON',1988,City,8.88,4.68,7.97,87,35,11,,,,,,,
16692,F,'SORICIDAE','SOREX CINEREUS','CHISAGO',1987,Rural,8.37,4.57,7.29,87,35,12,,,,,,,
18282,F,'SORICIDAE','SOREX CINEREUS','HENNEPIN',1997,City,8.47,4.59,7.28,98,39,11,,,,,,,
18449,F,'SORICIDAE','SOREX CINEREUS','GRANT',1999,Rural,8.73,4.89,7.43,83,37,11,,,,,,,
18457,M,'SORICIDAE','SOREX CINEREUS','RENVILLE',1999,Rural,8.47,4.55,7.56,99,39,13,,,,,,,
19019,UNKNOWN,'SORICIDAE','SOREX CINEREUS','CARLTON',2005,Rural,8.78,4.91,8.01,85,39,11,,,,,,,
19020,UNKNOWN,'SORICIDAE','SOREX CINEREUS','CARLTON',2005,Rural,8.38,4.88,7.71,84,38,11,,,,,,,
2485,M,'SORICIDAE','SOREX HAYDENI','JACKSON',1948,Rural,8.19,4.52,7.19,96,38,12,,,,,,,
2826,UNKNOWN,'SORICIDAE','SOREX HAYDENI','POLK',1946,Rural,9.17,4.61,7.83,84,33,10,,,,,,,
3173,F,'SORICIDAE','SOREX HAYDENI','LAC QUI PARLE',1951,Rural,8.41,4.65,7.49,97,32,10,,,,,,,
3288,M,'SORICIDAE','SOREX HAYDENI','LINCOLN',1952,Rural,8.32,4.02,7.52,89,34,11,,,,,,,
3902,F,'SORICIDAE','SOREX HAYDENI','MAHNOMEN',1957,Rural,7.71,4.09,7.36,96,32,10.5,,,,,,,
4601,UNKNOWN,'SORICIDAE','SOREX HAYDENI','MAHNOMEN',1957,Rural,8.14,4.37,7.41,94,33,11,,,,,,,
7554,F,'SORICIDAE','SOREX HAYDENI','LYON',1966,Rural,8.62,4.7,7.83,81,34,11,,,,,,,
8113,M,'SORICIDAE','SOREX HAYDENI','CLAY',1967,Rural,8.44,4.79,7.66,89,39,11,,,,,,,
8897,F,'SORICIDAE','SOREX HAYDENI','COTTONWOOD',1968,Rural,8.73,4.98,8.12,100,39,11.5,,,,,,,
11927,F,'SORICIDAE','SOREX HAYDENI','LYON',1972,Rural,8.25,4.66,7.5,85,34,11,,,,,,,
14251,F,'SORICIDAE','SOREX HAYDENI','WILKIN',1980,Rural,8.43,4.49,7.43,84,36,11,,,,,,,
14399,M,'SORICIDAE','SOREX HAYDENI','NORMAN',1979,Rural,8.64,4.4,7.71,82,32,10,,,,,,,
14400,M,'SORICIDAE','SOREX HAYDENI','NORMAN',1979,Rural,8.15,4.18,7.32,85,31,10,,,,,,,
14534,M,'SORICIDAE','SOREX HAYDENI','YELLOW MEDICINE',1982,Rural,8.68,4.75,7.79,91,32,11,,,,,,,
14699,M,'SORICIDAE','SOREX HAYDENI','REDWOOD',1983,Rural,8.31,4.53,7.48,95,33,12,,,,,,,
15096,F,'SORICIDAE','SOREX HAYDENI','BIG STONE',1988,Rural,8.27,4.21,7.47,96,40,15,,,,,,,
15121,M,'SORICIDAE','SOREX HAYDENI','NORMAN',1928,Rural,8.78,4.42,8.05,93,37,12,,,,,,,
15122,F,'SORICIDAE','SOREX HAYDENI','NORMAN',1928,Rural,8.89,4.78,7.79,92,38,11,,,,,,,
16529,UNKNOWN,'SORICIDAE','SOREX HAYDENI','CLAY',1990,Rural,8.34,4.14,7.52,84,32,10,,,,,,,
18470,F,'SORICIDAE','SOREX HAYDENI','BECKER',1999,Rural,8.25,4.08,7.31,112,36,12,,,,,,,
18474,M,'SORICIDAE','SOREX HAYDENI','STEVENS',1999,Rural,8.51,4.27,7.81,95,35,11,,,,,,,
194,M,'SORICIDAE','SOREX PALUSTRIS','SHERBURNE',1918,Rural,10.89,5.86,10,123,53,17,,,,,,,
2832,M,'SORICIDAE','SOREX PALUSTRIS','PINE',1939,Rural,11.51,5.95,10.5,150,65,18,,,,,,,
3356,UNKNOWN,'SORICIDAE','SOREX PALUSTRIS','CLEARWATER',1947,Rural,11.42,5.66,10.18,131,59,18,,,,,,,
3922,UNKNOWN,'SORICIDAE','SOREX PALUSTRIS','CLEARWATER',1957,Rural,11.47,6.12,10.49,137,65,19,,,,,,,
7433,M,'SORICIDAE','SOREX PALUSTRIS','COOK',1965,Rural,10.27,5.83,10.48,157,70,19,,,,,,,
7547,F,'SORICIDAE','SOREX PALUSTRIS','AITKIN',1966,Rural,11.1,5.91,9.9,139,65,18,,,,,,,
8126,F,'SORICIDAE','SOREX PALUSTRIS','COOK',1967,Rural,10.45,5.5,10.26,154,66,19,,,,,,,
11211,M,'SORICIDAE','SOREX PALUSTRIS','COOK',1972,Rural,11.22,5.97,10.33,142,65,19,,,,,,,
11213,F,'SORICIDAE','SOREX PALUSTRIS','COOK',1972,Rural,11.02,5.92,10.3,155,69,21,,,,,,,
11214,M,'SORICIDAE','SOREX PALUSTRIS','COOK',1972,Rural,11.25,5.73,10.21,148,76,20,,,,,,,
11215,F,'SORICIDAE','SOREX PALUSTRIS','COOK',1972,Rural,11.37,6.04,10.31,136,65,18,,,,,,,
15153,F,'SORICIDAE','SOREX PALUSTRIS','CLAY',1988,Rural,11.04,6.1,10.28,147,67,19,,,,,,,
18320,M,'SORICIDAE','SOREX PALUSTRIS','CLEARWATER',1999,Rural,11.54,5.92,10.79,130,59,16,,,,,,,
2330,M,'LEPORIDAE','SYLVILAGUS FLORIDANUS','HOUSTON',1947,Rural,32.26,23.59,24.54,295,42,68,,,,,,,
2696,M,'LEPORIDAE','SYLVILAGUS FLORIDANUS','FREEBORN',1924,Rural,29.57,21.13,24.36,290,33,76,,,,,,,
3670,F,'LEPORIDAE','SYLVILAGUS FLORIDANUS','SHERBURNE',1953,Rural,37.66,25.13,28.44,445,50,95,,,,,,,
4220,M,'LEPORIDAE','SYLVILAGUS FLORIDANUS','POPE',1956,Rural,37.23,24.47,28.12,450,54,92,,,,,,,
4222,F,'LEPORIDAE','SYLVILAGUS FLORIDANUS','POPE',1956,Rural,37.51,24.43,28,445,54,99,,,,,,,
4878,M,'LEPORIDAE','SYLVILAGUS FLORIDANUS','MILLE LACS',1959,Rural,41.53,23.62,28.11,470,37,105,,,,,,,
5095,M,'LEPORIDAE','SYLVILAGUS FLORIDANUS','BLUE EARTH',1961,Rural,36.54,21.32,26.96,377,43,92,,,,,,,
5096,F,'LEPORIDAE','SYLVILAGUS FLORIDANUS','BLUE EARTH',1961,Rural,37.81,23.11,26.02,425,49,99,,,,,,,
5510,F,'LEPORIDAE','SYLVILAGUS FLORIDANUS','MILLE LACS',1960,Rural,35.56,23.92,27.99,433,44,102,,,,,,,
19005,UNKNOWN,'LEPORIDAE','SYLVILAGUS FLORIDANUS','DAKOTA',2004,City,24.81,18.58,19.22,196,23,48,,,,,,,
10,M,'SCIURIDAE','TAMIASCIURUS HUDSONICUS','LAKE',1912,Rural,27.75,15.79,20.94,274,124,45,,,,,,,
353,M,'SCIURIDAE','TAMIASCIURUS HUDSONICUS','HENNEPIN',1916,City,26.33,15.99,20.51,330.2,125.4,47.6,,,,,,,
354,,'SCIURIDAE','TAMIASCIURUS HUDSONICUS','ISANTI',1916,Rural,28.37,15.53,21.89,301.6,149.2,41.3,,,,,,,
495,F,'SCIURIDAE','TAMIASCIURUS HUDSONICUS','COOK',1922,Rural,28.9,16.04,21.75,308,125,42,,,,,,,
641,M,'SCIURIDAE','TAMIASCIURUS HUDSONICUS','ISANTI',1916,Rural,29.2,16.26,21.28,327.2,131.1,37.3,,,,,,,
729,,'SCIURIDAE','TAMIASCIURUS HUDSONICUS','MARSHALL',1929,Rural,27.01,16,21.77,295,127,50,,,,,,,
730,,'SCIURIDAE','TAMIASCIURUS HUDSONICUS','MARSHALL',1929,Rural,28.3,15.54,21.78,310,128,50,,,,,,,
1534,F,'SCIURIDAE','TAMIASCIURUS HUDSONICUS','CARLTON',1936,Rural,28.32,15.22,20.45,291,116,43,,,,,,,
2019,F,'SCIURIDAE','TAMIASCIURUS HUDSONICUS','HENNEPIN',1946,City,29.88,16.26,22.59,336,144,50,,,,,,,
2156,M,'SCIURIDAE','TAMIASCIURUS HUDSONICUS','FILLMORE',1937,Rural,28.25,15.91,21.87,316,120,49,,,,,,,
2167,M,'SCIURIDAE','TAMIASCIURUS HUDSONICUS','CARLTON',1935,Rural,28.48,16.3,21.7,298.5,109.2,38.1,,,,,,,
2767,F,'SCIURIDAE','TAMIASCIURUS HUDSONICUS','LAKE OF THE WOODS',1949,Rural,29.46,15.26,21.76,320,123,49,,,,,,,
2769,F,'SCIURIDAE','TAMIASCIURUS HUDSONICUS','LAKE OF THE WOODS',1949,Rural,28.73,15.3,21.37,292,120,46,,,,,,,
2913,M,'SCIURIDAE','TAMIASCIURUS HUDSONICUS','ANOKA',1950,City,29.64,16.88,22.09,341,139,45,,,,,,,
2972,M,'SCIURIDAE','TAMIASCIURUS HUDSONICUS','ST. LOUIS',1950,Rural,28.71,15.89,22.62,325,123,51,,,,,,,
3789,M,'SCIURIDAE','TAMIASCIURUS HUDSONICUS','HENNEPIN',1955,City,29.87,16.82,23.1,324,130,47,,,,,,,
3790,M,'SCIURIDAE','TAMIASCIURUS HUDSONICUS','HENNEPIN',1955,City,27.54,15.44,21.24,312,111,46,,,,,,,
4206,M,'SCIURIDAE','TAMIASCIURUS HUDSONICUS','HENNEPIN',1957,City,29.13,16.56,21.77,323,129,49,,,,,,,
4884,M,'SCIURIDAE','TAMIASCIURUS HUDSONICUS','LAKE OF THE WOODS',1960,Rural,29.46,14.95,22.24,298,119,48,,,,,,,
4894,M,'SCIURIDAE','TAMIASCIURUS HUDSONICUS','MARSHALL',1958,Rural,29.52,15.98,21.75,371,125,44,,,,,,,
7743,F,'SCIURIDAE','TAMIASCIURUS HUDSONICUS','WADENA',1966,Rural,29,15.77,21.9,223,127,46,,,,,,,
7744,M,'SCIURIDAE','TAMIASCIURUS HUDSONICUS','RAMSEY',1966,City,27.28,15.85,21.95,318,123,47,,,,,,,
7749,F,'SCIURIDAE','TAMIASCIURUS HUDSONICUS','RAMSEY',1966,City,28.97,16.27,20.68,296,105,46,,,,,,,
7986,M,'SCIURIDAE','TAMIASCIURUS HUDSONICUS','ST. LOUIS',1966,Rural,28.85,15.71,21.52,303,128,46,,,,,,,
8959,F,'SCIURIDAE','TAMIASCIURUS HUDSONICUS','RAMSEY',1968,City,27.58,15.98,21.61,323,129,48,,,,,,,
8961,M,'SCIURIDAE','TAMIASCIURUS HUDSONICUS','RAMSEY',1968,City,29,16.83,21.68,323,126,49,,,,,,,
12341,,'SCIURIDAE','TAMIASCIURUS HUDSONICUS','LAKE OF THE WOODS',1973,Rural,28.76,15.64,20.42,280,120,45,,,,,,,
12344,M,'SCIURIDAE','TAMIASCIURUS HUDSONICUS','ANOKA',1973,City,27.87,16.35,21.84,322,134,46,,,,,,,
12347,F,'SCIURIDAE','TAMIASCIURUS HUDSONICUS','ANOKA',1973,City,28.62,16.7,21.5,325,129,45,,,,,,,
13026,,'SCIURIDAE','TAMIASCIURUS HUDSONICUS','SHERBURNE',1975,Rural,27.47,15.86,21.6,290,115,48,,,,,,,
18343,F,'SCIURIDAE','TAMIASCIURUS HUDSONICUS','CLEARWATER',1999,Rural,29.24,16.23,21.29,323,124,48,,,,,,,
18344,F,'SCIURIDAE','TAMIASCIURUS HUDSONICUS','CLEARWATER',1999,Rural,28.07,15.32,21.24,305,110,45,,,,,,,
18963,F,'SCIURIDAE','TAMIASCIURUS HUDSONICUS','WASHINGTON',2004,City,28.1,16.54,20.61,295,117,43,,,,,,,
18967,M,'SCIURIDAE','TAMIASCIURUS HUDSONICUS','WASHINGTON',2004,City,28.33,15.32,21.91,327,151,48,,,,,,,
19042,,'SCIURIDAE','TAMIASCIURUS HUDSONICUS','CASS',2004,Rural,29.76,15.95,22.93,281,83,48,,,,,,,
19043,F,'SCIURIDAE','TAMIASCIURUS HUDSONICUS','CLEARWATER',2005,Rural,30.22,16.34,21.31,314,127,50,,,,,,,
19044,F,'SCIURIDAE','TAMIASCIURUS HUDSONICUS','RAMSEY',2005,City,28.58,17.59,22.56,320,126,45,,,,,,,
19095,,'SCIURIDAE','TAMIASCIURUS HUDSONICUS','HUBBARD',2003,Rural,28.65,16.1,22.08,292,123,46,,,,,,,
186,F,'DIPODIDAE','ZAPUS HUDSONIUS','SHERBURNE',1916,Rural,12.73,7.51,9.71,181,107,27,,,,,,,
187,M,'DIPODIDAE','ZAPUS HUDSONIUS','SHERBURNE',1916,Rural,11.93,6.6,9.01,178,110,28,,,,,,,
459,M,'DIPODIDAE','ZAPUS HUDSONIUS','COOK',1922,Rural,12.43,7.41,10.3,189,112,29,,,,,,,
462,F,'DIPODIDAE','ZAPUS HUDSONIUS','COOK',1922,Rural,13.65,7.98,9.7,226,141,30,,,,,,,
831,M,'DIPODIDAE','ZAPUS HUDSONIUS','CLEARWATER',1932,Rural,13.37,8.04,9.48,203.2,127,30.5,,,,,,,
2551,M,'DIPODIDAE','ZAPUS HUDSONIUS','FILLMORE',1948,Rural,13.51,7.6,9.91,210,123,31,,,,,,,
3019,F,'DIPODIDAE','ZAPUS HUDSONIUS','LYON',1950,Rural,12.95,7.71,9.99,208,123,29,,,,,,,
3250,M,'DIPODIDAE','ZAPUS HUDSONIUS','CLEARWATER',1941,Rural,12.69,7.51,9.27,261,123,31,,,,,,,
3264,F,'DIPODIDAE','ZAPUS HUDSONIUS','WADENA',1946,Rural,12.64,7.72,9.41,197,123,30,,,,,,,
3787,M,'DIPODIDAE','ZAPUS HUDSONIUS','KANDIYOHI',1955,Rural,12.76,7.92,9.45,193,116,30,,,,,,,
6383,M,'DIPODIDAE','ZAPUS HUDSONIUS','WINONA',1960,Rural,12.87,7.32,9.85,197,111,30,,,,,,,
6917,M,'DIPODIDAE','ZAPUS HUDSONIUS','FILLMORE',1958,Rural,12.69,7.47,9.65,207,131,29,,,,,,,
7851,F,'DIPODIDAE','ZAPUS HUDSONIUS','ITASCA',1966,Rural,12.03,6.91,9.52,206,126,30,,,,,,,
9120,F,'DIPODIDAE','ZAPUS HUDSONIUS','ISANTI',1968,Rural,12.96,7.25,9.74,203,121,27,,,,,,,
11834,F,'DIPODIDAE','ZAPUS HUDSONIUS','COOK',1972,Rural,13.23,7.23,9.86,215,133,30,,,,,,,
13655,F,'DIPODIDAE','ZAPUS HUDSONIUS','MORRISON',1977,Rural,13.1,7.52,9.54,170,85,29,,,,,,,
14511,M,'DIPODIDAE','ZAPUS HUDSONIUS','WRIGHT',1979,Rural,13.23,7.78,9.6,204,117,11,,,,,,,
14696,F,'DIPODIDAE','ZAPUS HUDSONIUS','YELLOW MEDICINE',1982,Rural,12.98,7.62,9.67,206,119,29,,,,,,,
15380,M,'DIPODIDAE','ZAPUS HUDSONIUS','TRAVERSE',1988,Rural,12.68,7.31,9.22,210,131,29,,,,,,,
16449,F,'DIPODIDAE','ZAPUS HUDSONIUS','CLEARWATER',1991,Rural,13.75,7.94,9.98,202,125,29,,,,,,,
16708,M,'DIPODIDAE','ZAPUS HUDSONIUS','SCOTT',1985,Rural,13.03,7.95,8.53,212,133,29,,,,,,,
18313,M,'DIPODIDAE','ZAPUS HUDSONIUS','WRIGHT',1997,Rural,13.25,7.93,9.89,211,129,29,,,,,,,
18364,M,'DIPODIDAE','ZAPUS HUDSONIUS','CLEARWATER',1999,Rural,13.52,7.45,9.66,224,141,32,,,,,,,
,,,,,,,,,,,,,,,,,,,
,,,,,,,,,,,,,,,,,,,
,,,,,,,,,,,,,,,,,,,
,,,,,,,,,,,,,,,,,,,
,,,,,,,,,,,,,,,,,,,